Accuracy,Precision,Recall,F1,AUROC,Kappa,MCC,Balanced accuracy,algorithm,features,cancer_type,classes,pos_class,variant_group,variant_type,breakpoint_type
0.696969696969697,0.7083333333333334,0.5666666666666667,0.6296296296296297,0.7157407407407407,0.37853107344632764,0.3852866039661478,0.6861111111111111,RF,23,ovarian,RES vs NONRES,RES,expert,,expert
0.5909090909090909,0.56,0.4666666666666667,0.509090909090909,0.5953703703703704,0.16338028169014085,0.1653771250685383,0.5805555555555555,NB,23,ovarian,RES vs NONRES,RES,expert,,expert
0.7424242424242424,0.782608695652174,0.6,0.6792452830188679,0.7574074074074074,0.47025495750708224,0.4818582723942338,0.7305555555555556,LR,23,ovarian,RES vs NONRES,RES,expert,,expert
0.6363636363636364,0.6071428571428571,0.5666666666666667,0.5862068965517241,0.6407407407407407,0.26256983240223464,0.2630670269182914,0.6305555555555555,kNN,23,ovarian,RES vs NONRES,RES,expert,,expert
