Accuracy,Precision,Recall,F1,AUROC,Kappa,MCC,Balanced accuracy,algorithm,features,cancer_type,classes,pos_class,variant_group,variant_type,breakpoint_type
0.75,0.9230769230769231,0.5454545454545454,0.6857142857142856,0.7840909090909092,0.5,0.5479490295253897,0.75,RF,23,ovarian,RES vs NONRES,RES,expert,,expert
0.6363636363636364,0.65,0.5909090909090909,0.6190476190476191,0.6735537190082643,0.2727272727272727,0.27386127875258304,0.6363636363636364,NB,23,ovarian,RES vs NONRES,RES,expert,,expert
0.6136363636363636,0.6190476190476191,0.5909090909090909,0.6046511627906977,0.6528925619834711,0.2272727272727273,0.22750787759664504,0.6136363636363636,LR,23,ovarian,RES vs NONRES,RES,expert,,expert
0.6363636363636364,0.6875,0.5,0.5789473684210527,0.7004132231404958,0.2727272727272727,0.2834733547569204,0.6363636363636364,kNN,23,ovarian,RES vs NONRES,RES,expert,,expert
